{
    "inputMessageMetadata": {
        "inboundProperties": {
            "http.query.string": {
                "connectorName": "#_custom_mule_metadata_type_#",
                "typeId": "samplenumber"
            },
            "http.query.params": {
                "connectorName": "#_custom_mule_metadata_type_#",
                "typeId": "samplenumber"
            }
        }
    },
    "outputMessageMetadata": {
        "messagePayload": {
            "connectorName": "#_custom_mule_metadata_type_#",
            "typeId": "response"
        }
    },
    "id": "05f87214-859e-45c6-8e17-d66b2a036c2e",
    "version": "5.2.0.0"
}